"","Time-to-event models parameters","","","","","","","","","","","","","","","","","","","","","","","","","","","","","","","","","","","","","","","","","","","","","","","","","","","","","","","","","","","","","","","","","","","","","","","","","","","","","","","","","","","","","","","","","","","","","","","","","","","","","","","",""
"Distnames","1. Exponential","1. Exponential","1. Exponential","2. Weibull","2. Weibull","2. Weibull","2. Weibull","2. Weibull","2. Weibull","3. Gompertz","3. Gompertz","3. Gompertz","3. Gompertz","3. Gompertz","3. Gompertz","4. Lognormal","4. Lognormal","4. Lognormal","4. Lognormal","4. Lognormal","4. Lognormal","5. Loglogistic","5. Loglogistic","5. Loglogistic","5. Loglogistic","5. Loglogistic","5. Loglogistic","6. Gamma","6. Gamma","6. Gamma","6. Gamma","6. Gamma","6. Gamma","7. Generalisedgamma","7. Generalisedgamma","7. Generalisedgamma","7. Generalisedgamma","7. Generalisedgamma","7. Generalisedgamma","7. Generalisedgamma","7. Generalisedgamma","7. Generalisedgamma","8. 1-knot spline hazard","8. 1-knot spline hazard","8. 1-knot spline hazard","8. 1-knot spline hazard","8. 1-knot spline hazard","8. 1-knot spline hazard","8. 1-knot spline hazard","8. 1-knot spline hazard","8. 1-knot spline hazard","9. 1-knot spline odds","9. 1-knot spline odds","9. 1-knot spline odds","9. 1-knot spline odds","9. 1-knot spline odds","9. 1-knot spline odds","9. 1-knot spline odds","9. 1-knot spline odds","9. 1-knot spline odds","10. 1-knot spline normal","10. 1-knot spline normal","10. 1-knot spline normal","10. 1-knot spline normal","10. 1-knot spline normal","10. 1-knot spline normal","10. 1-knot spline normal","10. 1-knot spline normal","10. 1-knot spline normal","11. 2-knot spline hazard","11. 2-knot spline hazard","11. 2-knot spline hazard","11. 2-knot spline hazard","11. 2-knot spline hazard","11. 2-knot spline hazard","11. 2-knot spline hazard","11. 2-knot spline hazard","11. 2-knot spline hazard","11. 2-knot spline hazard","11. 2-knot spline hazard","11. 2-knot spline hazard","12. 2-knot spline odds","12. 2-knot spline odds","12. 2-knot spline odds","12. 2-knot spline odds","12. 2-knot spline odds","12. 2-knot spline odds","12. 2-knot spline odds","12. 2-knot spline odds","12. 2-knot spline odds","12. 2-knot spline odds","12. 2-knot spline odds","12. 2-knot spline odds","13. 2-knot spline normal","13. 2-knot spline normal","13. 2-knot spline normal","13. 2-knot spline normal","13. 2-knot spline normal","13. 2-knot spline normal","13. 2-knot spline normal","13. 2-knot spline normal","13. 2-knot spline normal","13. 2-knot spline normal","13. 2-knot spline normal","13. 2-knot spline normal"
"Parnames","rate","groupMedium","groupPoor","shape","scale","groupMedium","groupPoor","shape(groupMedium)","shape(groupPoor)","shape","rate","groupMedium","groupPoor","shape(groupMedium)","shape(groupPoor)","meanlog","sdlog","groupMedium","groupPoor","sdlog(groupMedium)","sdlog(groupPoor)","shape","scale","groupMedium","groupPoor","shape(groupMedium)","shape(groupPoor)","shape","rate","groupMedium","groupPoor","shape(groupMedium)","shape(groupPoor)","mu","sigma","Q","groupMedium","groupPoor","sigma(groupMedium)","sigma(groupPoor)","Q(groupMedium)","Q(groupPoor)","gamma0","gamma1","gamma2","groupMedium","groupPoor","gamma1(groupMedium)","gamma1(groupPoor)","gamma2(groupMedium)","gamma2(groupPoor)","gamma0","gamma1","gamma2","groupMedium","groupPoor","gamma1(groupMedium)","gamma1(groupPoor)","gamma2(groupMedium)","gamma2(groupPoor)","gamma0","gamma1","gamma2","groupMedium","groupPoor","gamma1(groupMedium)","gamma1(groupPoor)","gamma2(groupMedium)","gamma2(groupPoor)","gamma0","gamma1","gamma2","gamma3","groupMedium","groupPoor","gamma1(groupMedium)","gamma1(groupPoor)","gamma2(groupMedium)","gamma2(groupPoor)","gamma3(groupMedium)","gamma3(groupPoor)","gamma0","gamma1","gamma2","gamma3","groupMedium","groupPoor","gamma1(groupMedium)","gamma1(groupPoor)","gamma2(groupMedium)","gamma2(groupPoor)","gamma3(groupMedium)","gamma3(groupPoor)","gamma0","gamma1","gamma2","gamma3","groupMedium","groupPoor","gamma1(groupMedium)","gamma1(groupPoor)","gamma2(groupMedium)","gamma2(groupPoor)","gamma3(groupMedium)","gamma3(groupPoor)"
"est","-2.80703426596042","0.818021897705415","1.53752320421143","0.522842941227738","2.26626166011077","-0.447145140906987","-1.0384947611494","-0.193739409990849","-0.258211641329158","0.221650478494698","-3.36564422440595","1.06685398302713","1.9540432716812","-0.0847240786449997","-0.138758583249688","2.15766237442877","-0.0231614685999281","-0.616405276964592","-1.29461457120387","0.0430707930704261","-0.035860060637656","0.626195241489201","2.09215585275195","-0.559328133555928","-1.24678430375861","-0.11895946715016","-0.0445631814775907","0.73015274298734","-1.49809910454751","0.246905208221392","0.834663901723389","-0.223796618769466","-0.245015909583078","1.81202668452514","0.232571933905214","-1.22829849622959","-0.703779456070316","-1.15639058357376","-0.111742534469648","-0.25180602716003","0.130949690051665","0.706102215564812","-4.00136633813836","5.6833377867188","0.536250067753147","1.64674405897244","2.73825540341805","-2.6129321967876","-3.04904061829405","-0.286491264831098","-0.310397814385352","-4.04938420554543","5.58333050698946","0.503636291904315","1.68520718881056","2.81744587826071","-2.44335863461621","-2.85984152125106","-0.276947889796271","-0.328430882627409","-2.18016958332222","2.00284034323824","0.139218946688677","0.781205993016211","1.39912022785405","-0.473783646903097","-0.633856883380268","-0.0507824578949095","-0.0772268411595449","-3.96795731492222","5.63984006983465","0.279702037940537","0.270382566702073","2.90247734867938","2.86911828369701","0.712150185798323","-2.71157430390951","1.62558931203339","0.0544896849024886","-1.88689815231438","-0.385249249864506","-4.02181385463425","5.51298469028751","0.253594378216224","0.261000907055042","3.02152127338","2.89343892485355","1.02461045991812","-2.61959681784953","1.79800817824397","-0.0114006330146751","-2.08011436907876","-0.339766961864635","-2.48228026850668","1.14225635475982","-0.365809481175584","0.49523555926318","1.56808628447049","1.6405830653726","1.4036793322265","0.142074590608774","1.09430738766642","0.291118242762134","-1.16338699899632","-0.336454948567092"
"L95%","-3.08148409638671","0.482435217530195","1.21843775412205","0.285099481188222","2.02632969957374","-0.732231450035213","-1.30926116854052","-0.484038290874892","-0.530410024127346","0.0571602339449101","-3.90407791869821","0.42303048053768","1.35352109718387","-0.28930707019359","-0.340846650134077","1.89389741374292","-0.24007912718879","-0.931509869641886","-1.59148086932483","-0.220247133683414","-0.284754378446871","0.391782427051591","1.85992368043017","-0.843458208142798","-1.51566964810662","-0.403971927836322","-0.315010184058766","0.405934218281987","-2.03166885220797","-0.392738298699925","0.234149851000199","-0.625065263418969","-0.628451038088121","1.21730205890556","-0.0167415480059677","-2.75400048318196","-1.46345286233188","-1.81090504714622","-0.400994988251085","-0.529348758369139","-1.70410631547035","-0.92448950292365","-4.73770053562234","2.64644917367807","0.150055889229282","0.820991737836784","1.95714716539158","-5.82097360318367","-6.14912993158983","-0.697166192462662","-0.707431674075276","-4.80148276693224","2.43687222992677","0.0982285645837802","0.829396999203495","1.99607911132171","-5.78076760428378","-6.08709878609533","-0.711304759517133","-0.750656228109428","-2.50671606712457","0.754805677342373","-0.0310962285329218","0.385894197715775","1.01360740690849","-1.83508589902055","-1.92969361352523","-0.239492293815422","-0.258776697176672","-6.28781655158215","-3.03976894856775","-3.07997020321157","-2.72701657931901","0.426340260521176","0.50016506840458","-8.37974665313164","-11.4498887838783","-1.93987304072985","-3.35506052315714","-5.09482914872332","-3.44707105325475","-6.38286922843101","-3.19401125927887","-3.16478351235076","-2.8150076523084","0.476023369423404","0.466818826933685","-8.1402776177313","-11.3923504712003","-1.86740340964076","-3.50737596727574","-5.4173933250502","-3.52620694284819","-3.33826667417339","-1.19234806325495","-1.45945948448448","-0.579241470667562","0.585187849392162","0.728057978573135","-1.19705371841042","-2.24037019084187","-0.164446720142045","-0.873347562734092","-2.41694436431475","-1.5093327606133"
"U95%","-2.53258443553412","1.15360857788063","1.85660865430082","0.760586401267254","2.5061936206478","-0.162058831778762","-0.767728353758272","0.0965594708931939","0.0139867414690312","0.386140723044487","-2.82721053011369","1.71067748551658","2.55456544617854","0.119858912903591","0.063329483634701","2.42142733511462","0.193756189988934","-0.301300684287298","-0.997748273082907","0.306388719824266","0.213034257171559","0.860608055926812","2.32438802507372","-0.275198058969057","-0.977898959410607","0.166052993536001","0.225883821103584","1.05437126769269","-0.964529356887055","0.886548715142709","1.43517795244658","0.177472025880036","0.138419218921966","2.40675131014472","0.481885415816395","0.297403490722772","0.0558939501912524","-0.501876120001299","0.177509919311789","0.025736704049079","1.96600569557368","2.33669393405327","-3.26503214065438","8.72022639975954","0.922444246277012","2.47249638010809","3.51936364144451","0.595109209608465","0.0510486950017328","0.124183662800467","0.086636045304572","-3.29728564415862","8.72978878405214","0.909044019224849","2.54101737841763","3.6388126451997","0.894050335051368","0.367415743593218","0.157408979924591","0.0937944628546101","-1.85362309951987","3.25087500913411","0.309534121910276","1.17651778831665","1.7846330487996","0.887518605214359","0.661979846764697","0.137927378025603","0.104323014857582","-1.64809807826229","14.3194490882371","3.63937427909264","3.26778171272315","5.37861443683758","5.23807149898945","9.80404702472829","6.02674017605926","5.19105166479663","3.46403989296212","1.32103284409456","2.67657255352573","-1.66075848083749","14.2199806398539","3.6719722687832","3.33700946641848","5.56701917733661","5.32005902277342","10.1894985375675","6.15315683550121","5.46341976612869","3.48457470124639","1.25716458689268","2.84667301911892","-1.62629386283997","3.47686077277459","0.72784052213331","1.56971258919392","2.55098471954882","2.55310815217207","4.00441238286341","2.52451937205941","2.35306149547489","1.45558404825836","0.0901703663221056","0.836422863479117"
"se","0.140027996734186","0.171220840190067","0.162801690544464","0.12129991260799","0.122416515012309","0.145454871302202","0.138148664734094","0.148114395557206","0.138879277856764","0.0839251363021292","0.274716116489565","0.328487414854481","0.306394494610194","0.104380995345993","0.103108051208305","0.134576432407122","0.110674308456625","0.160770603522717","0.151465180208722","0.134348349679309","0.126989230298343","0.119600572401651","0.118487979449415","0.144966987571227","0.137188921056173","0.145417192833289","0.137985700101852","0.165420654288929","0.272234465464258","0.326354724865734","0.306390349751306","0.204732662342093","0.195633762420907","0.303436507155585","0.127203093463826","0.77843368499978","0.387595594742442","0.33394208706649","0.147580494367766","0.14160603633451","0.936270268227732","0.831949837522711","0.375687616350142","1.54946143755463","0.197041466868838","0.421309946330179","0.398531934355809","1.63678589591477","1.58170728531182","0.209531874499183","0.202572018068534","0.383730806953225","1.60536535460934","0.206844478020177","0.436645875310765","0.419072377562971","1.70279096758544","1.6465900854814","0.221614720039253","0.215425053119587","0.166608410347389","0.636764081248538","0.0868970943165402","0.201693397643326","0.196693829063408","0.694554727972164","0.661153337697203","0.0962822977406889","0.0926291796426715","1.18362340071485","4.42845332203349","1.71414998829202","1.52931338007442","1.26335846356854","1.20867180926713","4.63880811619279","4.45840563851962","1.81914687253804","1.73959839821228","1.63672956325355","1.56218268679501","1.20464222425538","4.44242650285722","1.74410240062099","1.56942096060264","1.29874728517216","1.23809422880254","4.67604922842506","4.47597696822447","1.87014231730635","1.78369366061666","1.70272463284809","1.62576455798055","0.436735783115719","1.19114659066689","0.55799494885389","0.548212639827099","0.501488008367148","0.465582579066425","1.32692900030366","1.21555538787603","0.642233284763066","0.594126124092781","0.639581836812476","0.598418043034321"
"","","","","","","","","","","","","","","","","","","","","","","","","","","","","","","","","","","","","","","","","","","","","","","","","","","","","","","","","","","","","","","","","","","","","","","","","","","","","","","","","","","","","","","","","","","","","","","","","","","","","","","","","",""
"Knots","","","","","","","","","","","","","","","","","","","","","","","","","","","","","","","","","","","","","","","","","","","","","","","","","","","","","","","","","","","","","","","","","","","","","","","","","","","","","","","","","","","","","","","","","","","","","","","","","","","","","","","","",""
"Cov_matrix","","","","","","","","","","","","","","","","","","","","","","","","","","","","","","","","","","","","","","","","","","","","","","","","","","","","","","","","","","","","","","","","","","","","","","","","","","","","","","","","","","","","","","","","","","","","","","","","","","","","","","","","",""
"1","0.0196078398693892","-0.0196078398693885","-0.0196078398693882","0.0147136687987059","-0.0109133625161632","0.0109133625161624","0.0109133625161627","-0.014713668798706","-0.0147136687987059","0.00704342850333097","-0.0198352956314078","0.0198352956314073","0.0198352956314102","-0.00704342850333136","-0.00704342850333218","0.0181108161594287","0.0111978928152648","-0.0181108161447089","-0.0181108161476428","-0.0111978928031538","-0.0111978928084313","0.0143042969188025","-0.00964341900213877","0.00964341900213769","0.00964341900213825","-0.0143042969188024","-0.0143042969188026","0.0273639928653775","0.0428834478138169","-0.0428834477743322","-0.0428834478076419","-0.0273639928410713","-0.027363992862947","0.0920737138747816","-0.00958005058527665","0.211973551583994","-0.0920737136077267","-0.0920737137577643","0.00958005055271522","0.00958005054926313","-0.211973551008051","-0.211973551260236","0.141141185078852","-0.324048897671129","-0.0336645838566806","-0.141141185078843","-0.141141185078898","0.32404889767157","0.324048897670619","0.0336645838567405","0.0336645838566057","0.147249332204973","-0.308750253533092","-0.0310723616489161","-0.147249332205152","-0.147249332204911","0.308750253534877","0.308750253533433","0.0310723616491499","0.031072361648971","0.027758362398484","-0.0170254340843694","-0.000181631485828581","-0.0277583623927959","-0.0277583624039221","0.0170254340644586","0.0170254340987196","0.000181631483556582","0.000181631487442164","1.40096435471979","4.36900055390099","1.90739234419419","-1.73140225300247","-1.40096435462396","-1.40096435469088","-4.36900055351662","-4.36900055382919","-1.9073923440433","-1.90739234414819","1.73140225287046","1.73140225295448","1.45116288845894","4.46008093094184","1.97603906685485","-1.80506103816127","-1.45116288841532","-1.45116288843616","-4.46008093080877","-4.46008093090067","-1.9760390667833","-1.97603906682852","1.80506103809062","1.80506103813441","0.1907381442537","0.399326778981827","0.224703109486334","-0.220828780750082","-0.190738143818848","-0.190738145312383","-0.399326777004038","-0.399326781066642","-0.224703108462244","-0.224703111159503","0.220828779728159","0.220828782586425"
"2","-0.0196078398693885","0.0293165761153926","0.0196078398693875","-0.0109133625161632","0.014985803147759","-0.0149858031477581","-0.014985803147758","0.0109133625161635","0.0109133625161632","-0.0198352956314078","0.0754689446591083","-0.0754689446591076","-0.0754689446591334","0.0198352956314096","0.0198352956314208","0.0111978928152648","0.0122488025523522","-0.0111978928045105","-0.0111978928061864","-0.0122488025435039","-0.0122488025466244","-0.00964341900213877","0.014039401274005","-0.0140394012740035","-0.0140394012740043","0.00964341900213869","0.00964341900213899","0.042883447813817","0.0741116041866104","-0.0741116041183725","-0.0741116041730536","-0.0428834477718106","-0.0428834478074264","-0.0095800505852766","0.0161806269867669","-0.0566332295108916","0.00958005043265895","0.00958005056255161","-0.0161806269801556","-0.0161806269795755","0.0566332291703278","0.0566332294507658","-0.32404889767113","2.40083074646886","0.302684355286846","0.324048897671212","0.324048897671531","-2.40083074647412","-2.40083074646491","-0.302684355287556","-0.30268435528626","-0.30875025353313","2.57719792177998","0.32885565821719","0.308750253534355","0.308750253532756","-2.57719792179652","-2.57719792178191","-0.328855658219388","-0.328855658217504","-0.0170254340843697","0.405468495168294","0.0544620853535201","0.017025433965955","0.0170254341393497","-0.405468494589262","-0.405468495170602","-0.0544620852825373","-0.0544620853492074","4.36900055391611","19.6111988254295","7.26529157304818","-6.1899533351894","-4.36900055351564","-4.36900055379799","-19.6111988238379","-19.6111988251426","-7.26529157241839","-7.2652915728613","6.18995333463628","6.1899533349936","4.4600809309401","19.7351532332883","7.39159903845661","-6.33251248174357","-4.46008093080612","-4.4600809308607","-19.7351532328889","-19.7351532331451","-7.39159903823529","-7.39159903836635","6.33251248152311","6.33251248165201","0.399326778981887","1.41883020045735","0.597303025606859","-0.537284574535485","-0.399326776994733","-0.39932678213663","-1.41883019296206","-1.4188302067051","-0.597303021385356","-0.597303030815807","0.537284570227535","0.537284580310684"
"3","-0.0196078398693882","0.0196078398693875","0.0265043904441354","0.0109133625161624","-0.0149858031477581","0.0211571195855403","0.0149858031477572","-0.0137885874358195","-0.0109133625161625","0.0198352956314073","-0.0754689446591075","0.10790398171778","0.0754689446591326","-0.0291915041888199","-0.0198352956314203","-0.0181108161447089","-0.0111978928045105","0.0258471869570587","0.0181108161314234","0.0143833515123575","0.0111978927973397","0.00964341900213769","-0.0140394012740035","0.0210154274854762","0.0140394012740028","-0.0120824133124925","-0.00964341900213791","-0.0428834477743323","-0.0741116041183726","0.106507406442189","0.0741116040866187","0.0628258668730959","0.0428834477558333","0.211973551583994","-0.0566332295108918","0.605959001942338","-0.211973550599017","-0.211973551301456","0.0566332294246021","0.0566332294179281","-0.605958999790675","-0.605959001154486","-0.0336645838566808","0.302684355286841","0.0388253396658235","0.0336645838566925","0.033664583856732","-0.302684355287528","-0.302684355286345","-0.0388253396659161","-0.0388253396657498","-0.0310723616489211","0.328855658217194","0.0427846380874396","0.0310723616490755","0.0310723616488751","-0.328855658219319","-0.328855658217431","-0.0427846380877223","-0.0427846380874782","-0.000181631485828651","0.0544620853535199","0.00755110500065768","0.000181631469957315","0.000181631492957046","-0.054462085275543","-0.0544620853527744","-0.00755110499108916","-0.00755110499994746","1.90739234419662","7.26529157303461","2.93831018236152","-2.60105125233804","-1.90739234404269","-1.90739234415071","-7.2652915724192","-7.26529157292174","-2.93831018211923","-2.93831018228865","2.60105125212577","2.60105125226186","1.97603906685466","7.3915990384586","3.04189318385188","-2.71468361690958","-1.97603906679305","-1.97603906682067","-7.39159903827201","-7.39159903839722","-3.04189318375042","-3.04189318381291","2.71468361680905","2.71468361686994","0.224703109486343","0.597303025606788","0.311358362946456","-0.30231946490573","-0.224703108601544","-0.224703110953512","-0.597303022119672","-0.597303028524078","-0.311358361095836","-0.311358365309189","0.302319463053133","0.302319467506577"
"4","0","0","0","0.0109133625161627","-0.0149858031477581","0.0149858031477572","0.0190850535678132","-0.0109133625161629","-0.0113243370987481","0.0198352956314102","-0.0754689446591334","0.0754689446591327","0.0938775863274364","-0.019835295631412","-0.0262620899346937","-0.0181108161476428","-0.0111978928061864","0.0181108161314234","0.0229417008156606","0.0111978927928416","0.0122844559739998","0.00964341900213826","-0.0140394012740043","0.0140394012740028","0.0188208000605568","-0.00964341900213818","-0.0104620374678123","-0.0428834478076419","-0.0741116041730535","0.0741116040866186","0.0938750464207277","0.0428834477544337","0.0560341415814422","-0.0920737136077269","0.00958005043265905","-0.211973550599018","0.150230345063747","0.092073713525848","-0.00449875157027343","-0.00958005039677431","0.328260637203745","0.211973550322956","-0.141141185078842","0.324048897671208","0.033664583856692","0.177502070876738","0.141141185078888","-0.343661116441418","-0.324048897670699","-0.0337374176871996","-0.0336645838566172","-0.147249332205151","0.308750253534314","0.0310723616490699","0.190659620425904","0.147249332205088","-0.317134414907849","-0.308750253534655","-0.0290853288265097","-0.0310723616491248","-0.0277583623927959","0.0170254339659539","0.00018163146995718","0.040680226652909","0.0277583623978826","-0.0111236169741204","-0.0170254339824346","0.00157542014400168","-0.000181631471885238","-1.73140225300336","-6.18995333517249","-2.60105125233616","2.33879941447465","1.73140225286992","1.7314022529633","6.18995333463786","6.18995333507364","2.60105125212605","2.60105125227251","-2.33879941429073","-2.33879941440815","-1.8050610381614","-6.33251248174639","-2.71468361691002","2.46308215157893","1.80506103810401","1.8050610381305","6.33251248157168","6.33251248169045","2.71468361681565","2.71468361687446","-2.46308215148562","-2.46308215154274","-0.220828780750073","-0.537284574535386","-0.302319464905699","0.300537098466196","0.220828779919766","0.220828782117706","0.537284571232038","0.537284577260975","0.30231946319114","0.302319467089648","-0.300537096763277","-0.300537100863832"
"5","0","0","0","-0.014713668798706","0.0109133625161635","-0.0137885874358195","-0.0109133625161629","0.0219378741712764","0.014713668798706","-0.00704342850333135","0.0198352956314096","-0.0291915041888199","-0.019835295631412","0.0108953921894203","0.00704342850333256","-0.0111978928031538","-0.0122488025435039","0.0143833515123575","0.0111978927928416","0.018049479061554","0.0122488025374986","-0.0143042969188024","0.00964341900213869","-0.0120824133124925","-0.00964341900213818","0.0211461599715139","0.0143042969188026","-0.0273639928410713","-0.0428834477718107","0.0628258668730959","0.0428834477544338","0.0419154630296816","0.027363992831187","-0.0920737137577642","0.00958005056255166","-0.211973551301456","0.0920737135258477","0.111517317514323","-0.00958005053061406","-0.0094864102124622","0.21197355081684","0.247119737568544","-0.141141185078898","0.324048897671528","0.0336645838567316","0.141141185078888","0.158827702701383","-0.324048897671968","-0.321511458489847","-0.0336645838567911","-0.0319409949523976","-0.14724933220491","0.308750253532718","0.03107236164887","0.147249332205089","0.175621657636282","-0.308750253534502","-0.291988023344728","-0.0310723616491037","-0.0262961907292821","-0.027758362403922","0.0170254341393489","0.000181631492956901","0.0277583623978826","0.038688462391625","-0.0170254341310291","-0.00861703276047775","-0.000181631492305507","0.00193891098989177","-1.40096435462071","-4.36900055348492","-1.90739234403438","1.73140225286406","1.59607460747027","1.40096435459187","4.86090660611733","4.3690005534133","2.15078465866244","1.90739234398849","-1.96226535242807","-1.73140225281616","-1.45116288841404","-4.4600809308028","-1.97603906679124","1.80506103810224","1.68674451074205","1.4511628883912","5.04089001269804","4.46008093076155","2.2730397764095","1.97603906676483","-2.09057036000426","-1.80506103807529","-0.190738143818858","-0.399326776994695","-0.224703108601557","0.220828779919788","0.251490222536049","0.190738145097102","0.517859716989721","0.39932677936887","0.294519715559996","0.224703110541789","-0.290469799985849","-0.220828782051859"
"6","0","0","0","-0.0147136687987059","0.0109133625161632","-0.0109133625161625","-0.0113243370987481","0.014713668798706","0.0192874538180163","-0.00704342850333218","0.0198352956314208","-0.0198352956314204","-0.0262620899346937","0.00704342850333256","0.0106312702239744","-0.0111978928084313","-0.0122488025466244","0.0111978927973397","0.0122844559739998","0.0122488025374986","0.0161262646117656","-0.0143042969188026","0.00964341900213899","-0.00964341900213791","-0.0104620374678123","0.0143042969188026","0.0190400534325983","-0.027363992862947","-0.0428834478074264","0.0428834477558332","0.0560341415814421","0.027363992831187","0.03827256899896","0.00958005055271515","-0.0161806269801556","0.056633229424602","-0.00449875157027333","-0.00958005053061401","0.0217800023178341","0.0161806269729352","-0.0531573886648823","-0.0566332293669859","0.324048897671564","-2.40083074647409","-0.302684355287523","-0.343661116441415","-0.324048897671964","2.6790680690655","2.40083074647012","0.339338780039882","0.302684355286936","0.308750253534919","-2.57719792179657","-0.328855658219322","-0.317134414907895","-0.308750253534546","2.89949707929056","2.57719792179849","0.372688647041741","0.328855658219635","0.0170254340644589","-0.405468494589268","-0.0544620852755438","-0.0111236169741219","-0.0170254341310303","0.482406270148487","0.405468494542696","0.0655457972383771","0.0544620852633184","-1.4009643546909","-4.36900055378148","-1.90739234414775","1.73140225296203","1.40096435459525","1.46088754251707","4.36900055339759","4.45494721424576","1.90739234399713","1.96875698573165","-1.73140225283028","-1.79506848574961","-1.45116288843624","-4.46008093086291","-1.97603906682104","1.80506103813062","1.45116288839248","1.53287731939415","4.46008093072943","4.57048688415658","1.97603906674929","2.06394467341485","-1.80506103805978","-1.89897259498806","-0.190738145312382","-0.399326782136579","-0.22470311095351","0.220828782117711","0.190738145097092","0.216767137930144","0.399326780637817","0.428053980367796","0.224703110221389","0.250827381781997","-0.220828781392986","-0.249247575182899"
"7","0","0","0","0","0","0","0","0","0","0","0","0","0","0","0","0","0","0","0","0","0","0","0","0","0","0","0","0","0","0","0","0","0","0.00958005054926309","-0.0161806269795755","0.056633229417928","-0.00958005039677423","-0.00948641021246217","0.0161806269729352","0.0200522695263704","-0.0566332290775202","-0.0599745715201022","0.32404889767062","-2.40083074646491","-0.302684355286345","-0.324048897670703","-0.321511458489852","2.40083074647019","2.50179793640848","0.302684355287057","0.317024969124798","0.308750253533468","-2.57719792178191","-0.328855658217428","-0.308750253534695","-0.291988023344764","2.57719792179843","2.71125890960565","0.328855658219624","0.349620535531274","0.0170254340987199","-0.405468495170603","-0.0544620853527744","-0.0170254339824357","-0.00861703276047889","0.405468494542691","0.437123735948151","0.0544620852749102","0.0597647861730572","-4.36900055352192","-19.6111988237898","-7.26529157241508","6.18995333463977","4.86090660613751","4.36900055340325","21.5185407388561","19.6111988235009","8.04611109735453","7.26529157222737","-6.88688982431126","-6.18995333444323","-4.46008093080306","-19.7351532328733","-7.39159903826382","6.33251248156369","5.04089001269734","4.46008093072352","21.8654363866546","19.7351532327296","8.2991218110414","7.39159903817332","-7.15656801786784","-6.33251248147189","-0.399326777004098","-1.41883019296209","-0.59730302211975","0.537284571232133","0.517859716989765","0.399326780637881","1.76074057184688","1.41883019983671","0.762528978466904","0.597303027913318","-0.693824975392838","-0.537284577656047"
"8","0","0","0","0","0","0","0","0","0","0","0","0","0","0","0","0","0","0","0","0","0","0","0","0","0","0","0","0","0","0","0","0","0","-0.211973551008051","0.056633229170328","-0.605958999790676","0.328260637203745","0.211973550816841","-0.0531573886648826","-0.0566332290775204","0.87660201516723","0.605958999136277","0.0336645838567396","-0.302684355287551","-0.0388253396659156","-0.0337374176871991","-0.0336645838567907","0.339338780039882","0.302684355287049","0.0439036064311412","0.038825339665841","0.0310723616491557","-0.3288556582194","-0.0427846380877235","-0.0290853288265164","-0.0310723616491098","0.372688647041745","0.328855658219635","0.0491130841380763","0.0427846380877618","0.000181631483556646","-0.0544620852825381","-0.00755110499108926","0.00157542014400155","-0.000181631492305661","0.0655457972383773","0.0544620852749109","0.00927028085822666","0.00755110498926726","-4.36900055384641","-19.611198825145","-7.26529157293689","6.1899533350922","4.36900055344477","4.45494721426275","19.6111988235494","19.8773808375836","7.26529157230542","7.39027715564808","-6.18995333453758","-6.30734922740978","-4.46008093089906","-19.735153233146","-7.39159903839557","6.3325124816882","4.46008093076474","4.57048688415454","19.7351532327456","20.0343698200759","7.39159903817373","7.55022245837981","-6.33251248146725","-6.48787878557604","-0.399326781066699","-1.4188302067051","-0.597303028524156","0.537284577261076","0.399326779368901","0.428053980367845","1.41883019983667","1.47757490099445","0.597303024683538","0.633893354849975","-0.53728457334023","-0.574555491829008"
"9","0","0","0","0","0","0","0","0","0","0","0","0","0","0","0","0","0","0","0","0","0","0","0","0","0","0","0","0","0","0","0","0","0","-0.211973551260236","0.0566332294507658","-0.605959001154486","0.211973550322956","0.247119737568544","-0.056633229366986","-0.0599745715201023","0.605958999136276","0.692140532154065","0.0336645838566062","-0.302684355286264","-0.0388253396657503","-0.0336645838566178","-0.0319409949523982","0.302684355286945","0.317024969124798","0.0388253396658422","0.0410354225043585","0.0310723616489757","-0.328855658217507","-0.0427846380874782","-0.0310723616491301","-0.026296190729287","0.32885565821963","0.349620535531276","0.0427846380877607","0.046407953511577","0.000181631487442273","-0.0544620853492074","-0.00755110499994746","-0.000181631471885401","0.00193891098989158","0.054462085263318","0.0597647861730573","0.00755110498926718","0.00858016492127431","-1.90739234404114","-7.26529157238193","-2.93831018211082","2.6010512521209","2.15078465866574","1.90739234399491","8.04611109733579","7.26529157226828","3.30929534386494","2.9383101820375","-2.95244188347722","-2.60105125204427","-1.97603906678102","-7.3915990382291","-3.04189318374716","2.71468361681248","2.27303977640936","1.97603906674711","8.29912181104193","7.391599038168","3.49743228697997","3.04189318370831","-3.15549170994759","-2.71468361677295","-0.224703108462259","-0.597303021385329","-0.311358361095853","0.302319463191166","0.294519715560001","0.224703110221405","0.762528978466853","0.597303024683505","0.412463592057557","0.311358363814445","-0.405889932887277","-0.302319466186974"
"10","0","0","0","0","0","0","0","0","0","0","0","0","0","0","0","0","0","0","0","0","0","0","0","0","0","0","0","0","0","0","0","0","0","0","0","0","0","0","0","0","0","0","0","0","0","0","0","0","0","0","0","0","0","0","0","0","0","0","0","0","0","0","0","0","0","0","0","0","0","-1.90739234415122","-7.26529157284727","-2.93831018228873","2.60105125227467","1.90739234399699","1.96875698573466","7.26529157223108","7.39027715563336","2.93831018204602","3.02620258706272","-2.60105125206197","-2.69422848858541","-1.97603906682827","-7.3915990383685","-3.0418931838129","2.71468361687411","1.97603906676666","2.06394467341463","7.3915990381819","7.55022245838216","3.04189318371146","3.18156307492406","-2.71468361677363","-2.87113054355294","-0.224703111159508","-0.597303030815741","-0.311358365309194","0.302319467089666","0.224703110541778","0.250827381781996","0.597303027913228","0.633893354849902","0.311358363814424","0.352985851329511","-0.3023194655992","-0.350735477644305"
"11","0","0","0","0","0","0","0","0","0","0","0","0","0","0","0","0","0","0","0","0","0","0","0","0","0","0","0","0","0","0","0","0","0","0","0","0","0","0","0","0","0","0","0","0","0","0","0","0","0","0","0","0","0","0","0","0","0","0","0","0","0","0","0","0","0","0","0","0","0","1.73140225286692","6.18995333459755","2.60105125211579","-2.33879941428396","-1.96226535242916","-1.73140225282663","-6.88688982428768","-6.18995333449815","-2.95244188347439","-2.60105125205181","2.67888366322817","2.33879941421712","1.80506103808884","6.33251248151835","2.71468361680652","-2.46308215148314","-2.09057036000418","-1.80506103805792","-7.1565680178685","-6.33251248146242","-3.15549170994766","-2.71468361677094","2.89927117530765","2.46308215144692","0.220828779728172","0.537284570227488","0.302319463053147","-0.300537096763303","-0.29046979998585","-0.220828781392996","-0.693824975392775","-0.537284573340183","-0.405889932887269","-0.302319465599212","0.40906492598042","0.300537099562924"
"12","0","0","0","0","0","0","0","0","0","0","0","0","0","0","0","0","0","0","0","0","0","0","0","0","0","0","0","0","0","0","0","0","0","0","0","0","0","0","0","0","0","0","0","0","0","0","0","0","0","0","0","0","0","0","0","0","0","0","0","0","0","0","0","0","0","0","0","0","0","1.73140225295576","6.18995333497582","2.60105125225977","-2.33879941440814","-1.73140225282216","-1.79506848575087","-6.1899533344407","-6.30734922739137","-2.60105125204944","-2.69422848858323","2.33879941422401","2.44041474692208","1.8050610381344","6.33251248165479","2.71468361687028","-2.46308215154274","-1.80506103807711","-1.8989725949881","-6.33251248148037","-6.48787878557906","-2.71468361677607","-2.87113054355332","2.46308215144959","2.64311039798568","0.220828782586414","0.537284580310584","0.302319467506557","-0.300537100863824","-0.22082878205184","-0.249247575182889","-0.537284577655935","-0.574555491828914","-0.302319466186941","-0.350735477644292","0.300537099562899","0.358104154229026"
