"","rate","groupMedium","groupPoor","shape","scale","groupMedium","groupPoor","shape(groupMedium)","shape(groupPoor)","shape","rate","groupMedium","groupPoor","shape(groupMedium)","shape(groupPoor)","meanlog","sdlog","groupMedium","groupPoor","sdlog(groupMedium)","sdlog(groupPoor)","shape","scale","groupMedium","groupPoor","shape(groupMedium)","shape(groupPoor)","shape","rate","groupMedium","groupPoor","shape(groupMedium)","shape(groupPoor)","mu","sigma","Q","groupMedium","groupPoor","sigma(groupMedium)","sigma(groupPoor)","Q(groupMedium)","Q(groupPoor)","gamma0","gamma1","gamma2","groupMedium","groupPoor","gamma1(groupMedium)","gamma1(groupPoor)","gamma2(groupMedium)","gamma2(groupPoor)","gamma0","gamma1","gamma2","groupMedium","groupPoor","gamma1(groupMedium)","gamma1(groupPoor)","gamma2(groupMedium)","gamma2(groupPoor)","gamma0","gamma1","gamma2","groupMedium","groupPoor","gamma1(groupMedium)","gamma1(groupPoor)","gamma2(groupMedium)","gamma2(groupPoor)","gamma0","gamma1","gamma2","gamma3","groupMedium","groupPoor","gamma1(groupMedium)","gamma1(groupPoor)","gamma2(groupMedium)","gamma2(groupPoor)","gamma3(groupMedium)","gamma3(groupPoor)","gamma0","gamma1","gamma2","gamma3","groupMedium","groupPoor","gamma1(groupMedium)","gamma1(groupPoor)","gamma2(groupMedium)","gamma2(groupPoor)","gamma3(groupMedium)","gamma3(groupPoor)","gamma0","gamma1","gamma2","gamma3","groupMedium","groupPoor","gamma1(groupMedium)","gamma1(groupPoor)","gamma2(groupMedium)","gamma2(groupPoor)","gamma3(groupMedium)","gamma3(groupPoor)","gamma0","gamma1","gamma2","gamma3","gamma4","groupMedium","groupPoor","gamma1(groupMedium)","gamma1(groupPoor)","gamma2(groupMedium)","gamma2(groupPoor)","gamma3(groupMedium)","gamma3(groupPoor)","gamma4(groupMedium)","gamma4(groupPoor)","gamma0","gamma1","gamma2","gamma3","gamma4","groupMedium","groupPoor","gamma1(groupMedium)","gamma1(groupPoor)","gamma2(groupMedium)","gamma2(groupPoor)","gamma3(groupMedium)","gamma3(groupPoor)","gamma4(groupMedium)","gamma4(groupPoor)","gamma0","gamma1","gamma2","gamma3","gamma4","groupMedium","groupPoor","gamma1(groupMedium)","gamma1(groupPoor)","gamma2(groupMedium)","gamma2(groupPoor)","gamma3(groupMedium)","gamma3(groupPoor)","gamma4(groupMedium)","gamma4(groupPoor)"
"Distnames","expo","expo","expo","weib","weib","weib","weib","weib","weib","gom","gom","gom","gom","gom","gom","lnorm","lnorm","lnorm","lnorm","lnorm","lnorm","llog","llog","llog","llog","llog","llog","gam","gam","gam","gam","gam","gam","ggam","ggam","ggam","ggam","ggam","ggam","ggam","ggam","ggam","spl_hazard_1","spl_hazard_1","spl_hazard_1","spl_hazard_1","spl_hazard_1","spl_hazard_1","spl_hazard_1","spl_hazard_1","spl_hazard_1","spl_odds_1","spl_odds_1","spl_odds_1","spl_odds_1","spl_odds_1","spl_odds_1","spl_odds_1","spl_odds_1","spl_odds_1","spl_normal_1","spl_normal_1","spl_normal_1","spl_normal_1","spl_normal_1","spl_normal_1","spl_normal_1","spl_normal_1","spl_normal_1","spl_hazard_2","spl_hazard_2","spl_hazard_2","spl_hazard_2","spl_hazard_2","spl_hazard_2","spl_hazard_2","spl_hazard_2","spl_hazard_2","spl_hazard_2","spl_hazard_2","spl_hazard_2","spl_odds_2","spl_odds_2","spl_odds_2","spl_odds_2","spl_odds_2","spl_odds_2","spl_odds_2","spl_odds_2","spl_odds_2","spl_odds_2","spl_odds_2","spl_odds_2","spl_normal_2","spl_normal_2","spl_normal_2","spl_normal_2","spl_normal_2","spl_normal_2","spl_normal_2","spl_normal_2","spl_normal_2","spl_normal_2","spl_normal_2","spl_normal_2","spl_hazard_3","spl_hazard_3","spl_hazard_3","spl_hazard_3","spl_hazard_3","spl_hazard_3","spl_hazard_3","spl_hazard_3","spl_hazard_3","spl_hazard_3","spl_hazard_3","spl_hazard_3","spl_hazard_3","spl_hazard_3","spl_hazard_3","spl_odds_3","spl_odds_3","spl_odds_3","spl_odds_3","spl_odds_3","spl_odds_3","spl_odds_3","spl_odds_3","spl_odds_3","spl_odds_3","spl_odds_3","spl_odds_3","spl_odds_3","spl_odds_3","spl_odds_3","spl_normal_3","spl_normal_3","spl_normal_3","spl_normal_3","spl_normal_3","spl_normal_3","spl_normal_3","spl_normal_3","spl_normal_3","spl_normal_3","spl_normal_3","spl_normal_3","spl_normal_3","spl_normal_3","spl_normal_3"
"Parnames","rate","groupMedium","groupPoor","shape","scale","groupMedium","groupPoor","shape(groupMedium)","shape(groupPoor)","shape","rate","groupMedium","groupPoor","shape(groupMedium)","shape(groupPoor)","meanlog","sdlog","groupMedium","groupPoor","sdlog(groupMedium)","sdlog(groupPoor)","shape","scale","groupMedium","groupPoor","shape(groupMedium)","shape(groupPoor)","shape","rate","groupMedium","groupPoor","shape(groupMedium)","shape(groupPoor)","mu","sigma","Q","groupMedium","groupPoor","sigma(groupMedium)","sigma(groupPoor)","Q(groupMedium)","Q(groupPoor)","gamma0","gamma1","gamma2","groupMedium","groupPoor","gamma1(groupMedium)","gamma1(groupPoor)","gamma2(groupMedium)","gamma2(groupPoor)","gamma0","gamma1","gamma2","groupMedium","groupPoor","gamma1(groupMedium)","gamma1(groupPoor)","gamma2(groupMedium)","gamma2(groupPoor)","gamma0","gamma1","gamma2","groupMedium","groupPoor","gamma1(groupMedium)","gamma1(groupPoor)","gamma2(groupMedium)","gamma2(groupPoor)","gamma0","gamma1","gamma2","gamma3","groupMedium","groupPoor","gamma1(groupMedium)","gamma1(groupPoor)","gamma2(groupMedium)","gamma2(groupPoor)","gamma3(groupMedium)","gamma3(groupPoor)","gamma0","gamma1","gamma2","gamma3","groupMedium","groupPoor","gamma1(groupMedium)","gamma1(groupPoor)","gamma2(groupMedium)","gamma2(groupPoor)","gamma3(groupMedium)","gamma3(groupPoor)","gamma0","gamma1","gamma2","gamma3","groupMedium","groupPoor","gamma1(groupMedium)","gamma1(groupPoor)","gamma2(groupMedium)","gamma2(groupPoor)","gamma3(groupMedium)","gamma3(groupPoor)","gamma0","gamma1","gamma2","gamma3","gamma4","groupMedium","groupPoor","gamma1(groupMedium)","gamma1(groupPoor)","gamma2(groupMedium)","gamma2(groupPoor)","gamma3(groupMedium)","gamma3(groupPoor)","gamma4(groupMedium)","gamma4(groupPoor)","gamma0","gamma1","gamma2","gamma3","gamma4","groupMedium","groupPoor","gamma1(groupMedium)","gamma1(groupPoor)","gamma2(groupMedium)","gamma2(groupPoor)","gamma3(groupMedium)","gamma3(groupPoor)","gamma4(groupMedium)","gamma4(groupPoor)","gamma0","gamma1","gamma2","gamma3","gamma4","groupMedium","groupPoor","gamma1(groupMedium)","gamma1(groupPoor)","gamma2(groupMedium)","gamma2(groupPoor)","gamma3(groupMedium)","gamma3(groupPoor)","gamma4(groupMedium)","gamma4(groupPoor)"
"est","-2.80703426596042","0.818021897705403","1.53752320421143","0.522842941227738","2.26626166011077","-0.447145140906987","-1.0384947611494","-0.193739409990849","-0.258211641329158","0.221650478494696","-3.36564422440594","1.06685398302701","1.9540432716812","-0.0847240786449626","-0.138758583249691","2.15766237442877","-0.0231614685999281","-0.616405276964592","-1.29461457120387","0.0430707930704261","-0.035860060637656","0.626215586614288","2.09213155981541","-0.559250078304111","-1.24675818981847","-0.119014027328347","-0.0445926446637765","0.730152742986698","-1.49809910454757","0.24690520822162","0.834663901724156","-0.22379661876854","-0.245015909581633","1.81202668453465","0.232571933902732","-1.22829849620357","-0.703779456085614","-1.15639058358082","-0.111742534466758","-0.251806027157588","0.130949690012828","0.706102215543455","-4.00166824461331","5.68413827144086","0.536346985941307","1.64701334654769","2.73852858210568","-2.61371799384606","-3.04969394511859","-0.286595121633603","-0.310481705247366","-4.0491737654773","5.58348971192191","0.503676257390164","1.68509095473313","2.81726297700326","-2.44366892055128","-2.85991639069175","-0.27699989500101","-0.328459513919301","-2.18021330994335","2.00305993955204","0.139244131569558","0.781203417379839","1.39918475049402","-0.474093975078312","-0.634060434239667","-0.0508253646904045","-0.0772462585348352","-3.98129140079743","5.57246906818651","0.256338265058247","0.289633438971024","2.91628215953512","2.88242174914437","0.783631054627367","-2.64531056845819","1.65006763421488","0.0774625317935244","-1.90693272459592","-0.404156251325355","-4.02185633708958","5.51052878336718","0.253140292086233","0.26119991232863","3.02298542925585","2.89341134948443","1.0315946008094","-2.61699779061024","1.80086631783035","-0.0115893063326446","-2.0827061335566","-0.339047547656046","-2.47954443170845","1.1528048973128","-0.360056185826704","0.489377045312761","1.56460781348189","1.63775064239602","1.39161618700944","0.131488711125832","1.08689303966475","0.285220282447149","-1.15555387939568","-0.330398512046372","-6.10729127892961","1.76357275843982","-3.74935823848981","5.26291794351363","-1.61416557946817","4.64043592570639","4.92520670097253","3.64891718402121","1.07589328184856","4.16889792358734","3.63583365382017","-4.15520975786202","-4.57615160415937","0.149646174681357","1.16282821635106","-6.19774196529911","1.71316590995674","-3.92193772987657","5.58003280310156","-1.83615056078572","4.57877769851693","5.03158740564004","3.47680262296507","1.15020985190834","3.93725511358931","3.8434654164292","-3.7378791505359","-5.02399860561561","-0.147848850736515","1.42757715914826","-3.17952424148483","0.259418056235495","-1.74845875328451","2.33746363146877","-0.727929389376001","1.81416766874982","2.25822547257088","1.50248390234841","0.94226789341108","1.16795924238514","1.39453499175559","-0.727569779448016","-1.71683274434696","-0.51343317818279","0.453784909816939"
"L95.","-3.08148411925748","0.482435189564671","1.21843772753164","0.285099322690929","2.02632949004802","-0.732231654626038","-1.30926136509352","-0.48403844423884","-0.530410174966164","0.0571597766378877","-3.90407851702435","0.423029806773669","1.35352047967122","-0.289307606940079","-0.340847146615907","1.89389741374292","-0.240079127188789","-0.931509869641886","-1.59148086932483","-0.220247133683413","-0.28475437844687","0.391807869444117","1.85991061112256","-0.843377495291217","-1.51563436942317","-0.404025558374602","-0.315035624096927","0.405934219745528","-2.03166884973234","-0.392738296363486","0.234149853810018","-0.625065262057719","-0.628451036394306","1.21730209478661","-0.0167415433887009","-2.75400037606476","-1.46345284222943","-1.81090501002432","-0.400994984162153","-0.529348754284861","-1.7041062478985","-0.924489391519342","-4.73804895372434","2.64680689857505","0.150091211344567","0.821214805140719","1.95737254582953","-5.82220007861285","-6.15023020731018","-0.697332687514067","-0.707578456048756","-4.80121937987566","2.4370507805455","0.0982702028126949","0.829331935950268","1.99594335877646","-5.7810508303141","-6.08715984641314","-0.711354615382456","-0.750684427402127","-2.50676494276407","0.754967846287643","-0.0310780149656245","0.385884196054485","1.01366868901266","-1.83544807143858","-1.92995211744732","-0.239541872205599","-0.258802417798604","-6.29287630646042","-3.04982227896694","-3.08497801538128","-2.69338605048391","0.447765119203089","0.521582149841657","-8.25403760882558","-11.3266605556107","-1.89827829294063","-3.31396936615822","-5.10157626008234","-3.4518627816484","-6.3825076933676","-3.19361337561952","-3.16417940172001","-2.81390126847145","0.47779400406568","0.467175706774711","-8.1309315454769","-11.3869290847966","-1.86369707937375","-3.50651895971515","-5.4192694293387","-3.52457422720196","-3.33706504973905","-1.19034788985898","-1.45685342474927","-0.587788063673127","0.580355629786665","0.723786688856852","-1.21674219195522","-2.2593324837568","-0.174562148612981","-0.882193067526886","-2.41136489390619","-1.50572331920533","-9.63305634550826","-5.227608947944","-9.48757284302185","-2.34806593736169","-4.90353130878093","0.740707000335138","1.32153647843094","-4.29503389202349","-6.02671306322063","-2.18216624381275","-2.26717444416473","-12.4827705654197","-12.4753605832969","-3.45284262983017","-2.32846927048065","-9.76448641110136","-5.29278094080286","-9.80034082170059","-2.33739194249711","-5.35914342197016","0.619810026821645","1.37296746983618","-4.49300417450135","-5.97728227933738","-2.60704411481033","-2.26121261349752","-12.4829215876444","-13.38920352616","-4.08045037661544","-2.46845656248257","-4.47502919986952","-1.77808414514855","-4.07146616816367","-1.11366875297615","-2.46724390600195","0.312165789502283","0.895893938672874","-0.985654725328115","-1.170537215568","-1.51309066444809","-1.09866797666119","-4.67015400709585","-5.50579412851059","-2.52652048461228","-1.55490036168364"
"U95.","-2.53258441266337","1.15360860584614","1.85660868089122","0.760586559764548","2.50619383017352","-0.162058627187937","-0.767728157205267","0.0965596242571424","0.013986892307849","0.386141180351504","-2.82720993178753","1.71067815928036","2.55456606369118","0.119859449650154","0.0633299801165252","2.42142733511462","0.193756189988933","-0.301300684287298","-0.997748273082907","0.306388719824265","0.213034257171558","0.860623303784458","2.32435250850826","-0.275122661317006","-0.977882010213768","0.165997503717908","0.225850334769374","1.05437126622787","-0.964529359362797","0.886548712806725","1.43517794963829","0.177472024520639","0.138419217231041","2.40675127428269","0.481885411194166","0.29740338365762","0.0558939300582021","-0.501876157137329","0.177509915228638","0.0257366999696843","1.96600562792415","2.33669382260625","-3.26528753550229","8.72146964430667","0.922602760538047","2.47281188795466","3.51968461838183","0.594764090920731","0.0508423170730037","0.12414244424686","0.0866150455540238","-3.29712815107893","8.72992864329833","0.909082311967634","2.540849973516","3.63858259523005","0.893712989211538","0.367327065029646","0.157354825380436","0.0937653995635258","-1.85366167712264","3.25115203281645","0.30956627810474","1.17652263870519","1.78470081197538","0.887260121281961","0.661831248967987","0.13789114282479","0.104309900728934","-1.66970649513444","14.19476041534","3.59765454549777","3.27265292842595","5.38479919986714","5.24326134844709","9.82129971808032","6.03603941869429","5.19841356137039","3.46889442974527","1.28771081089051","2.64355027899769","-1.66120498081156","14.2146709423539","3.67045998589247","3.3363010931287","5.56817685444601","5.31964699219414","10.1941207470957","6.15293350357615","5.46542971503446","3.48334034704986","1.25385716222549","2.84647913188986","-1.62202381367786","3.49595768448457","0.736741053095867","1.56654215429865","2.54885999717711","2.55171459593519","3.9999745659741","2.52230990600846","2.34834822794247","1.45263363242118","0.100257135114833","0.844926295112582","-2.58152621235096","8.75475446482365","1.98885636604223","12.873901824389","1.67520014984458","8.54016485107764","8.52887692351412","11.5928682600659","8.17849962691776","10.5199620909874","9.53884175180506","4.17235104969563","3.32305737497815","3.75213497919288","4.65412570318277","-2.63099751949687","8.71911276071634","1.95646536194744","13.4974575487002","1.68684230039873","8.53774537021222","8.6902073414439","11.4466094204315","8.27770198315406","10.4815543419889","9.94814344635591","5.00716328657263","3.3412063149288","3.78475267514241","5.3236108807791","-1.88401928310013","2.29692025761954","0.574548661594651","5.78859601591369","1.01138512724994","3.31616954799735","3.62055700646889","3.99062253002493","3.05507300239016","3.84900914921837","3.88773796017236","3.21501444819982","2.07212863981667","1.4996541282467","2.46247018131752"
"se","0.140028008403153","0.171220854458448","0.162801704111249","0.121299993475442","0.122416621915148","0.145454975687195","0.138148765018083","0.148114473805556","0.138879354816759","0.0839253696263248","0.274716421763619","0.328487758617887","0.306394809673458","0.104381269201294","0.103108304520014","0.134576432407122","0.110674308456625","0.160770603522717","0.151465180208722","0.134348349679309","0.126989230298343","0.119597971707209","0.118482253002902","0.144965631628064","0.137184245080809","0.145416718518498","0.137983647437591","0.165420653541884","0.272234464201128","0.326354723673767","0.30639034831809","0.204732661648038","0.195633761557437","0.303436488853445","0.127203091106768","0.77843363036042","0.387595584478094","0.333942068122793","0.147580492283012","0.141606034251902","0.93627023373185","0.831949780671837","0.375711347208164","1.54968733957557","0.197072894014113","0.421333528534587","0.398556321666015","1.63701073594969","1.58193532465302","0.209563833376689","0.202604105959925","0.383703792687214","1.60535548417988","0.206843624564156","0.436619767267656","0.41904832165553","1.70277716125789","1.64658303988108","0.221613623417359","0.215424832707786","0.166611037445847","0.636793381464758","0.0869006511745429","0.201697186501171","0.196695482428382","0.694581179602514","0.661181375489286","0.0962857016780748","0.0926323956439306","1.17940172569317","4.3992090748427","1.70478453012168","1.52197668578842","1.25947061262522","1.20453213320485","4.61114017131995","4.42934158771787","1.81041384185853","1.7303541925785","1.62995012188253","1.55498088452797","1.20443608908048","4.44097046050023","1.74356249439358","1.56895800384909","1.29859091558126","1.23789807458073","4.67484413925926","4.47453696259854","1.86970955900706","1.78316014016077","1.7023594933889","1.62529857929683","0.437518558909556","1.19550808364555","0.5596007108161","0.549584133934312","0.502178709128778","0.466316708239743","1.33081954542995","1.2198291467298","0.643611412366719","0.595630000950243","0.640731678957466","0.599666532869873","1.79889278292328","3.56699498640249","2.92771430995383","3.88322639645922","1.67827865984215","1.98969417608273","1.83864104185938","4.05311074014909","3.62384533649274","3.2403984039995","3.0117941679271","4.24883358737425","4.03028272021602","1.83803826648219","1.78130695990876","1.81980101365957","3.57452836175645","2.99924036267611","4.03957664939269","1.7974783664258","2.0199185816286","1.86667712501994","4.06630267715695","3.63654239948615","3.33898953247113","3.1146888810609","4.46183833278994","4.26804012039409","2.00646621922586","1.98780883340829","0.660984063280486","1.03956104165974","1.1852296436071","1.76081418417227","0.887421672206957","0.766341571118211","0.695079881387569","1.2694818105346","1.07798159846029","1.3679077411529","1.27206570533073","2.01155952800482","1.93317908596815","1.02710423370453","1.02485825624595"
"X","","","","","","","","","","","","","","","","","","","","","","","","","","","","","","","","","","","","","","","","","","","","","","","","","","","","","","","","","","","","","","","","","","","","","","","","","","","","","","","","","","","","","","","","","","","","","","","","","","","","","","","","","","","","","","","","","","","","","","","","","","","","","","","","","","","","","","","","","","","","","","","","","","","","","",""
"Knots","","","","","","","","","","","","","","","","","","","","","","","","","","","","","","","","","","","","","","","","","","","-1.62323123456644","0.57090215020011","1.90639193568454","","","","","","","-1.62323123456644","0.57090215020011","1.90639193568454","","","","","","","-1.62323123456644","0.57090215020011","1.90639193568454","","","","","","","-1.62323123456644","0.319366116245241","0.872026365968617","1.90639193568454","","","","","","","","","-1.62323123456644","0.319366116245241","0.872026365968617","1.90639193568454","","","","","","","","","-1.62323123456644","0.319366116245241","0.872026365968617","1.90639193568454","","","","","","","","","-1.62323123456644","0.154541992686879","0.57090215020011","1.1027009448844","1.90639193568454","","","","","","","","","","","-1.62323123456644","0.154541992686879","0.57090215020011","1.1027009448844","1.90639193568454","","","","","","","","","","","-1.62323123456644","0.154541992686879","0.57090215020011","1.1027009448844","1.90639193568454","","","","","","","","","",""
"X.1","","","","","","","","","","","","","","","","","","","","","","","","","","","","","","","","","","","","","","","","","","","","","","","","","","","","","","","","","","","","","","","","","","","","","","","","","","","","","","","","","","","","","","","","","","","","","","","","","","","","","","","","","","","","","","","","","","","","","","","","","","","","","","","","","","","","","","","","","","","","","","","","","","","","","",""
"Cov_1","0.0196078431373534","-0.0196078431373534","-0.0196078431373534","0.0147136884171423","-0.0109133852326201","0.0109133852326201","0.0109133852326201","-0.0147136884171423","-0.0147136884171423","0.00704346766691524","-0.0198353799758774","0.0198353799758774","0.0198353799758774","-0.00704346766691525","-0.00704346766691525","0.0181108161594287","0.0111978928152648","-0.0181108161447089","-0.0181108161476428","-0.0111978928031538","-0.0111978928084313","0.0143036748364784","-0.00964247132891213","0.00964247132891117","0.00964247132891157","-0.0143036748364783","-0.0143036748364784","0.0273639926182239","0.0428834474015964","-0.0428834473369165","-0.0428834473461093","-0.0273639925784078","-0.0273639925786722","0.0920737027677071","-0.00958004806208075","0.211973520912968","-0.092073703611757","-0.0920737018782745","0.00958004800056158","0.0095800480413279","-0.211973522798003","-0.211973518885024","0.141159016420973","-0.324129594870284","-0.033674790271235","-0.141159016420973","-0.141159016420973","0.324129594870287","0.324129594870288","0.0336747902712354","0.0336747902712356","0.147228600522553","-0.308727241502764","-0.0310709763909779","-0.147228600522552","-0.147228600522552","0.308727241502764","0.308727241502763","0.0310709763909779","0.0310709763909777","0.0277592377987816","-0.0170291632886813","-0.000182053148989614","-0.0277592377788711","-0.0277592377930687","0.0170291633108639","0.0170291632840576","0.00018205315358148","0.000182053148580721","1.39098843056802","4.31864701876024","1.88952474537888","-1.71643103032079","-1.39098845764718","-1.39098846558169","-4.31864706818227","-4.31864708202493","-1.88952437884476","-1.88952426014291","1.71643133737421","1.7164314115086","1.45066629267949","4.45770149461521","1.97507811334926","-1.80419825270665","-1.45066637593387","-1.45066636580492","-4.45770164662925","-4.45770162479191","-1.97507700689689","-1.97507720621212","1.80419919164355","1.80419906713658","0.191422489390295","0.402005600809043","0.225801552518042","-0.221811773852846","-0.191422496579324","-0.191422489817155","-0.402005620498241","-0.402005601413838","-0.225801562433139","-0.225801552711771","0.221811783382548","0.221811773972815","3.23601524445345","4.98770096171397","5.00888347553182","-6.02194806405802","1.70770803456389","-3.23601525603648","-3.23601526034219","-4.98770098271012","-4.9877009902917","-5.00888333623587","-5.00888325850425","6.02194822778234","6.02194827801538","-1.707707948384","-1.70770791233452","3.31167572931641","5.03583091955206","5.17818445020455","-6.29677945086678","1.84525417604208","-3.31167575258654","-3.31167579946299","-5.03583095526008","-5.03583103752308","-5.17818420529449","-5.17818353443032","6.29677970702165","6.29678028317052","-1.84525403624216","-1.84525367484869","0.436899931910782","0.521413961566166","0.719205982000268","-0.95042880311656","0.332290215750608","-0.436899974706043","-0.436899963160173","-0.521414036423873","-0.521414007194214","-0.719205828344151","-0.719205847609902","0.950429077837707","0.950429051685185","-0.332290128297836","-0.332290151896815"
"Cov_2","-0.0196078431373534","0.029316581001481","0.0196078431373534","-0.0109133852326201","0.0149858293211164","-0.0149858293211164","-0.0149858293211164","0.0109133852326201","0.0109133852326201","-0.0198353799758774","0.0754691123866066","-0.0754691123866064","-0.0754691123866065","0.0198353799758774","0.0198353799758775","0.0111978928152648","0.0122488025523521","-0.0111978928045105","-0.0111978928061864","-0.0122488025435039","-0.0122488025466244","-0.00964247132891213","0.0140380442766436","-0.0140380442766422","-0.0140380442766429","0.00964247132891198","0.00964247132891212","0.0428834474015964","0.0741116034988753","-0.0741116033911527","-0.0741116034054575","-0.0428834473352839","-0.0428834473348902","-0.00958004806208075","0.0161806263871168","-0.0566332224400536","0.00958004831955822","0.00958004785759574","-0.0161806263721748","-0.0161806263842702","0.0566332230188705","0.0566332219765981","-0.324129594870284","2.40153085044081","0.302777361993174","0.324129594870288","0.324129594870283","-2.40153085044083","-2.40153085044084","-0.302777361993176","-0.302777361993177","-0.308727241502764","2.5771662305864","0.328852772097662","0.308727241502765","0.308727241502764","-2.5771662305864","-2.57716623058639","-0.328852772097661","-0.328852772097661","-0.0170291632886813","0.405505810677321","0.0544668652707699","0.0170291629465776","0.0170291635713185","-0.405505810957056","-0.405505810413135","-0.0544668653350674","-0.05446686520807","4.31864701876024","19.3530404841784","7.17464366244114","-6.11445904051942","-4.31864707413913","-4.31864707686741","-19.3530405861142","-19.3530405899408","-7.17464295683249","-7.1746428917625","6.11445970092722","6.11445970343313","4.45770149461521","19.7222186310356","7.38675133375119","-6.32830621362559","-4.45770164663384","-4.45770162838466","-19.7222189082957","-19.7222188689256","-7.3867495170124","-7.38674991282884","6.32830801857307","6.32830781055964","0.402005600809043","1.42923957806185","0.601531489573439","-0.541045262641397","-0.402005624035541","-0.402005602028976","-1.42923964181421","-1.42923958012703","-0.601531521825537","-0.601531489915011","0.541045293704417","0.54104526263114","4.98770096171397","12.7234532330205","7.74416273900735","-7.76113095006356","1.31887362225493","-4.98770098566125","-4.98770098738325","-12.7234532775324","-12.7234532798077","-7.74416242475581","-7.74416238214438","7.7611312842483","7.76113129654728","-1.31887342556901","-1.31887341389129","5.03583091955206","12.7772530090012","7.8601616142149","-7.94579415036569","1.41170046118647","-5.03583096985436","-5.03583102593534","-12.7772530930866","-12.7772531902954","-7.86016099442828","-7.86016020458269","7.94579474766087","7.9457954263396","-1.41170010142491","-1.41169967455195","0.521413961566166","1.08068715933669","0.850034765582585","-0.971791317346829","0.258989461417049","-0.521414032410328","-0.521414009654126","-1.08068728400315","-1.08068723092875","-0.850034459810392","-0.85003449087611","0.971791793057339","0.97179173952526","-0.258989288225302","-0.25898932859977"
"Cov_3","-0.0196078431373534","0.0196078431373534","0.0265043948615265","0.0109133852326201","-0.0149858293211164","0.0211571499521624","0.0149858293211164","-0.0137886140960189","-0.0109133852326201","0.0198353799758774","-0.0754691123866064","0.107904207561803","0.0754691123866064","-0.0291916220325881","-0.0198353799758774","-0.0181108161447089","-0.0111978928045105","0.0258471869570587","0.0181108161314234","0.0143833515123575","0.0111978927973397","0.00964247132891117","-0.0140380442766422","0.0210150343533235","0.0140380442766414","-0.0120822572040598","-0.00964247132891117","-0.0428834473369165","-0.0741116033911527","0.106507405664181","0.0741116032930803","0.0628258664031261","0.0428834472663492","0.211973520912968","-0.0566332224400536","0.605958916876103","-0.211973523410153","-0.211973518471013","0.0566332222660291","0.0566332223882739","-0.605958922457584","-0.605958911312615","-0.033674790271235","0.302777361993174","0.0388377255550977","0.0336747902712354","0.0336747902712348","-0.302777361993175","-0.302777361993177","-0.0388377255550979","-0.038837725555098","-0.0310709763909779","0.328852772097662","0.0427842850228374","0.0310709763909779","0.031070976390978","-0.328852772097663","-0.328852772097661","-0.0427842850228376","-0.0427842850228375","-0.000182053148989614","0.0544668652707699","0.00755172317455958","0.0001820531034438","0.000182053188343852","-0.0544668653075432","-0.054466865234764","-0.0075517231830522","-0.00755172316596031","1.88952474537888","7.17464366244114","2.90629029414219","-2.57430726080505","-1.88952429732294","-1.8895242941854","-7.17464282882933","-7.17464283835298","-2.90629703974773","-2.90629691858686","2.57430237431873","2.57430245926288","1.97507811334926","7.38675133375119","3.04001017185597","-2.71305028193441","-1.97507692396249","-1.97507707174985","-7.38674914913194","-7.38674946579252","-3.04002772070721","-3.0400251279903","2.7130376863097","2.71303965139244","0.225801552518042","0.601531489573439","0.313152955545885","-0.303953498558438","-0.225801562819791","-0.225801553092049","-0.601531517864544","-0.601531490431256","-0.313152969802507","-0.313152955763118","0.303953512267422","0.303953498652274","5.00888347553182","7.74416273900735","8.57151108070842","-10.9664438297672","3.70554441811295","-5.00888327401827","-5.0088832669465","-7.74416236412016","-7.74416235928128","-8.57151429572704","-8.57151429782604","10.9664411535541","10.9664411314412","-3.70554620164831","-3.7055462035003","5.17818445020455","7.8601616142149","8.9954427531055","-11.681372657168","4.08812267270032","-5.1781840232241","-5.17818360199986","-7.86016089201381","-7.86016016707741","-8.99544876016086","-8.99545468266712","11.6813676696037","11.6813626833653","-4.08812592612866","-4.08812913721868","0.719205982000268","0.850034765582585","1.40476930808501","-2.0240553259063","0.854443437978884","-0.71920581162576","-0.719205817692934","-0.850034441767683","-0.850034447152603","-1.40477283860498","-1.40477240534454","2.02405256970905","2.02405293926758","-0.854445386802576","-0.85444516024184"
"Cov_4","0","0","0","0.0109133852326201","-0.0149858293211164","0.0149858293211164","0.0190850812760214","-0.0109133852326201","-0.0113243620389137","0.0198353799758774","-0.0754691123866065","0.0754691123866064","0.0938777793948344","-0.0198353799758774","-0.0262621927405141","-0.0181108161476428","-0.0111978928061864","0.0181108161314234","0.0229417008156606","0.0111978927928415","0.0122844559739998","0.00964247132891157","-0.0140380442766429","0.0140380442766414","0.0188195170983914","-0.00964247132891142","-0.0104611121082524","-0.0428834473461093","-0.0741116034054575","0.0741116032930803","0.0938750455424804","0.0428834472777818","0.056034141037087","-0.092073703611757","0.00958004831955822","-0.211973523410153","0.150230337106915","0.0920737027220148","-0.00449874941216896","-0.00958004831160138","0.328260614630622","0.211973521393253","-0.141159016420973","0.324129594870288","0.0336747902712354","0.177521942267406","0.141159016420973","-0.343735020329298","-0.32412959487029","-0.0337464447150594","-0.0336747902712357","-0.147228600522552","0.308727241502765","0.0310709763909779","0.190636821168862","0.147228600522553","-0.317103789776528","-0.308727241502764","-0.0290830825356429","-0.0310709763909777","-0.0277592377788711","0.0170291629465776","0.0001820531034438","0.0406817550424882","0.0277592377722829","-0.0111263390089252","-0.0170291629326443","0.00157522014035816","-0.000182053101733271","-1.71643103032079","-6.11445904051942","-2.57430726080505","2.31641303208349","1.71643136394133","1.71643135482611","6.1144596613861","6.11445963390755","2.57430230974447","2.57430253766941","-2.31641671537057","-2.31641652245729","-1.80419825270665","-6.32830621362559","-2.71305028193441","2.46162921784213","1.80419912108647","1.80419901362688","6.32830780697347","6.32830757648219","2.71303774174082","2.71303967528441","-2.4616385432046","-2.46163713729523","-0.221811773852846","-0.541045262641397","-0.303953498558438","0.302042720272328","0.221811783299946","0.22181177438915","0.541045288595997","0.541045263405432","0.303953511617338","0.303953498778506","-0.302042732821719","-0.302042720390418","-6.02194806405802","-7.76113095006356","-10.9664438297672","15.0794472461577","-5.84895939676598","6.02194823987392","6.02194823967991","7.76113127698431","7.76113127022879","10.9664411582977","10.9664411941401","-15.0794496381216","-15.0794495655089","5.84895789834816","5.84895793971203","-6.29677945086678","-7.94579415036569","-11.681372657168","16.3181795063187","-6.54160356673558","6.29677982303854","6.29678015778907","7.94579478312852","7.94579535826459","11.681367547746","11.6813628654655","-16.3181839535116","-16.3181879262372","6.54160077818468","6.54159826154619","-0.95042880311656","-0.971791317346829","-2.0240553259063","3.10046659118225","-1.44958814122171","0.950429057428751","0.95042902130116","0.971791779159946","0.971791684620968","2.02405259389295","2.02405294420295","-3.1004692698116","-3.1004689635084","1.44958662684607","1.44958685537976"
"Cov_5","0","0","0","-0.0147136884171423","0.0109133852326201","-0.0137886140960189","-0.0109133852326201","0.0219378973506968","0.0147136884171423","-0.00704346766691525","0.0198353799758774","-0.0291916220325881","-0.0198353799758774","0.010895449360073","0.00704346766691526","-0.0111978928031538","-0.0122488025435039","0.0143833515123575","0.0111978927928415","0.0180494790615539","0.0122488025374986","-0.0143036748364783","0.00964247132891198","-0.0120822572040598","-0.00964247132891142","0.0211460220246881","0.0143036748364783","-0.0273639925784078","-0.0428834473352839","0.0628258664031261","0.0428834472777818","0.04191546274549","0.0273639925371847","-0.0920737018782745","0.00958004785759574","-0.211973518471013","0.0920737027220148","0.111517304862128","-0.00958004779608581","-0.009486407528755","0.211973520355327","0.247119703038767","-0.141159016420973","0.324129594870283","0.0336747902712348","0.141159016420973","0.158847141539944","-0.324129594870286","-0.321588217898463","-0.0336747902712352","-0.0319504278881518","-0.147228600522552","0.308727241502764","0.031070976390978","0.147228600522553","0.175601495882317","-0.308727241502764","-0.291963111621131","-0.0310709763909779","-0.0262944481782993","-0.0277592377930687","0.0170291635713185","0.000182053188343852","0.0277592377722829","0.038689112807734","-0.0170291636246315","-0.00862099565641283","-0.000182053197328124","0.00193841819395686","-1.39098845764718","-4.31864707413913","-1.88952429732294","1.71643136394133","1.58626622406655","1.39098850049247","4.81109849162026","4.31864714476055","2.13314900213691","1.88952376857023","-1.94749834147346","-1.71643176973902","-1.45066637593387","-4.45770164663384","-1.97507692396249","1.80419912108647","1.68633836603018","1.45066634273807","5.03892477776694","4.45770158624321","2.2722288173689","1.97507752341441","-2.08983639226863","-1.80419884083186","-0.191422496579324","-0.402005624035541","-0.225801562819791","0.221811783299946","0.252183455902246","0.19142249707795","0.520528264775085","0.402005624793667","0.295621909812682","0.225801563112181","-0.291458313467357","-0.221811783522549","1.70770803456389","1.31887362225493","3.70554441811295","-5.84895939676598","2.81661926008156","-1.70770791881682","-1.70770792280361","-1.31887340618544","-1.31887341807524","-3.70554626186601","-3.70554614478292","5.84895785326877","5.84895794470169","-2.8166202923217","-2.81662022562396","1.84525417604208","1.41170046118647","4.08812267270032","-6.54160356673558","3.23092847776875","-1.84525393204934","-1.8452537283882","-1.41170004337027","-1.41169969485777","-4.08812614492888","-4.08812898805751","6.54160067178764","6.54159828074024","-3.2309303733395","-3.23093191598973","0.332290215750608","0.258989461417049","0.854443437978884","-1.44958814122171","0.787517224302593","-0.332290118535001","-0.332290125875008","-0.258989277681122","-0.258989287247689","-0.854445383091381","-0.854445149183286","1.44958661187884","1.4495868211454","-0.787518299613562","-0.787518175012746"
"Cov_6","0","0","0","-0.0147136884171423","0.0109133852326201","-0.0109133852326201","-0.0113243620389137","0.0147136884171423","0.0192874751943192","-0.00704346766691525","0.0198353799758775","-0.0198353799758774","-0.0262621927405141","0.00704346766691526","0.010631322460992","-0.0111978928084313","-0.0122488025466244","0.0111978927973397","0.0122844559739998","0.0122488025374986","0.0161262646117655","-0.0143036748364784","0.00964247132891212","-0.00964247132891117","-0.0104611121082524","0.0143036748364783","0.0190394869601813","-0.0273639925786722","-0.0428834473348902","0.0428834472663492","0.056034141037087","0.0273639925371847","0.0382725686611123","0.00958004800056158","-0.0161806263721748","0.0566332222660291","-0.00449874941216896","-0.00958004779608581","0.0217800017024962","0.0161806263689458","-0.053157382389791","-0.0566332218022435","0.324129594870287","-2.40153085044083","-0.302777361993175","-0.343735020329298","-0.324129594870286","2.67980414961453","2.40153085044086","0.339437837727141","0.302777361993179","0.308727241502764","-2.5771662305864","-0.328852772097663","-0.317103789776528","-0.308727241502764","2.89945006090148","2.57716623058639","0.372684292893592","0.328852772097661","0.0170291633108639","-0.405505810957056","-0.0544668653075432","-0.0111263390089252","-0.0170291636246315","0.482443015058019","0.405505810665735","0.0655506352605754","0.0544668652381727","-1.39098846558169","-4.31864707686741","-1.8895242941854","1.71643135482611","1.39098850049247","1.45089765992304","4.31864714971361","4.40455614539566","1.88952372397507","1.95086493078766","-1.71643181876739","-1.78006945784697","-1.45066636580492","-4.45770162838466","-1.97507707174985","1.80419901362688","1.45066634273807","1.53239164305069","4.45770158519956","4.56812352578619","1.97507751903075","2.06298740765062","-1.80419881956278","-1.89811151592088","-0.191422489817155","-0.402005602028976","-0.225801553092049","0.22181177438915","0.19142249707795","0.21745127238355","0.402005621975821","0.430732190403018","0.225801563137275","0.251924865985502","-0.221811784046131","-0.250229326209306","-3.23601525603648","-4.98770098566125","-5.00888327401827","6.02194823987392","-1.70770791881682","3.95888291433754","3.23601527660361","6.47072776148859","4.98770101913723","6.13313972852226","5.00888302258185","-7.27854695641871","-6.02194847973303","2.0210156586394","1.70770778244493","-3.31167575258654","-5.03583096985436","-5.1781840232241","6.29677982303854","-1.84525393204934","4.0800710764085","3.31167583160752","6.57114194649955","5.03583109207583","6.39338006974928","5.17818309622703","-7.68909390266678","-6.29678065378842","2.22038268213272","1.84525343859184","-0.436899974706043","-0.521414032410328","-0.71920581162576","0.950429057428751","-0.332290118535001","0.587279403623928","0.436899988703351","0.773209472962385","0.521414045794673","0.960955860869065","0.719205964643023","-1.24768135063937","-0.950429072038932","0.426345688481859","0.332290214443829"
"Cov_7","0","0","0","0","0","0","0","0","0","0","0","0","0","0","0","0","0","0","0","0","0","0","0","0","0","0","0","0","0","0","0","0","0","0.0095800480413279","-0.0161806263842702","0.0566332223882739","-0.00958004831160138","-0.009486407528755","0.0161806263689458","0.0200522689365508","-0.0566332229968717","-0.0599745641011453","0.324129594870288","-2.40153085044084","-0.302777361993177","-0.32412959487029","-0.321588217898463","2.40153085044086","2.50251937138505","0.302777361993179","0.317121570416887","0.308727241502763","-2.57716623058639","-0.328852772097661","-0.308727241502764","-0.291963111621131","2.57716623058639","2.71123570722401","0.328852772097661","0.349619109391987","0.0170291632840576","-0.405505810413135","-0.054466865234764","-0.0170291629326443","-0.00862099565641283","0.405505810665735","0.437160811293904","0.0544668652959673","0.0597694925674846","-4.31864706818227","-19.3530405861142","-7.17464282882933","6.1144596613861","4.81109849162026","4.31864714971361","21.2626136795606","19.3530407205377","7.95629748254805","7.17464186004943","-6.81209315055332","-6.11446045448021","-4.45770164662925","-19.7222189082957","-7.38674914913194","6.32830780697347","5.03892477776694","4.45770158519956","21.8541677263667","19.7222187963158","8.29492150933907","7.3867504942149","-7.15293016455094","-6.3283073941338","-0.402005620498241","-1.42923964181421","-0.601531517864544","0.541045288595997","0.520528264775085","0.402005621975821","1.77108066249837","1.42923964440082","0.766724600396297","0.601531518566037","-0.697552550318627","-0.541045288966709","-3.23601526034219","-4.98770098738325","-5.0088832669465","6.02194823967991","-1.70770792280361","3.23601527660361","3.38060088080976","4.98770102193306","5.18365423568532","5.00888300664702","5.24445409806449","-6.02194851112374","-6.32985009768157","1.70770776353475","1.8165031472314","-3.31167579946299","-5.03583102593534","-5.17818360199986","6.29678015778907","-1.8452537283882","3.31167583160752","3.48448348907272","5.03583110523264","5.26222662375389","5.17818295521764","5.47251736208456","-6.29678077729107","-6.69620933857791","1.84525334275298","1.99864996067681","-0.436899963160173","-0.521414009654126","-0.719205817692934","0.95042902130116","-0.332290125875008","0.436899988703351","0.483136041509757","0.521414052206443","0.571628443519378","0.719205958783307","0.797943709385101","-0.95042905161591","-1.06099319113499","0.332290201583287","0.376818718205431"
"Cov_8","0","0","0","0","0","0","0","0","0","0","0","0","0","0","0","0","0","0","0","0","0","0","0","0","0","0","0","0","0","0","0","0","0","-0.211973522798003","0.0566332230188705","-0.605958922457584","0.328260614630622","0.211973520355327","-0.053157382389791","-0.0566332229968717","0.876601950572292","0.605958916919797","0.0336747902712354","-0.302777361993176","-0.0388377255550979","-0.0337464447150594","-0.0336747902712352","0.339437837727141","0.302777361993179","0.0439170002595328","0.0388377255550982","0.0310709763909779","-0.328852772097661","-0.0427842850228376","-0.0290830825356429","-0.0310709763909779","0.372684292893592","0.328852772097661","0.049112598084171","0.0427842850228376","0.00018205315358148","-0.0544668653350674","-0.0075517231830522","0.00157522014035816","-0.000182053197328124","0.0655506352605754","0.0544668652959673","0.00927093634763921","0.00755172317362047","-4.31864708202493","-19.3530405899408","-7.17464283835298","6.11445963390755","4.31864714476055","4.40455614539566","19.3530407205377","19.619066900687","7.17464187635521","7.2995523468687","-6.11446049507211","-6.23177566879527","-4.45770162479191","-19.7222188689256","-7.38674946579252","6.32830757648219","4.45770158624321","4.56812352578619","19.7222187963158","20.0214810296606","7.38675043392245","7.5453779918847","-6.32830735066951","-6.48366854591381","-0.402005601413838","-1.42923958012703","-0.601531490431256","0.541045263405432","0.402005624793667","0.430732190403018","1.42923964440082","1.48798314721155","0.601531522948648","0.638120018403827","-0.54104529472796","-0.578313892253985","-4.98770098271012","-12.7234532775324","-7.74416236412016","7.76113127698431","-1.31887340618544","6.47072776148859","4.98770102193306","16.4277066719119","12.7234533415221","10.0903883816798","7.74416187682372","-10.1884074457358","-7.76113172768959","1.79985272148249","1.31887313566644","-5.03583095526008","-12.7772530930866","-7.86016089201381","7.94579478312852","-1.41170004337027","6.57114194649955","5.03583110523264","16.5348174622538","12.777253325425","10.3206440299915","7.86015911499179","-10.5499641655591","-7.9457963459404","1.97737411818012","1.41169908713623","-0.521414036423873","-1.08068728400315","-0.850034441767683","0.971791779159946","-0.258989277681122","0.773209472962385","0.521414052206443","1.61158406727821","1.08068729538279","1.26001007210546","0.850034699667484","-1.44065834238544","-0.971791766507371","0.386245635069328","0.258989440915186"
"Cov_9","0","0","0","0","0","0","0","0","0","0","0","0","0","0","0","0","0","0","0","0","0","0","0","0","0","0","0","0","0","0","0","0","0","-0.211973518885024","0.0566332219765981","-0.605958911312615","0.211973521393253","0.247119703038767","-0.0566332218022435","-0.0599745641011453","0.605958916919797","0.692140437559918","0.0336747902712356","-0.302777361993177","-0.038837725555098","-0.0336747902712357","-0.0319504278881518","0.302777361993179","0.317121570416887","0.0388377255550982","0.0410484237518205","0.0310709763909777","-0.328852772097661","-0.0427842850228375","-0.0310709763909777","-0.0262944481782993","0.328852772097661","0.349619109391987","0.0427842850228376","0.0464078585471776","0.000182053148580721","-0.05446686520807","-0.00755172316596031","-0.000182053101733271","0.00193841819395686","0.0544668652381727","0.0597694925674846","0.00755172317362047","0.00858076072273369","-1.88952437884476","-7.17464295683249","-2.90629703974773","2.57430230974447","2.13314900213691","1.88952372397507","7.95629748254805","7.17464187635521","3.27759827879296","2.90630546038033","-2.92598635337542","-2.57429631496223","-1.97507700689689","-7.3867495170124","-3.04002772070721","2.71303774174082","2.2722288173689","1.97507751903075","8.29492150933907","7.38675043392245","3.49581383504237","3.04002066018746","-3.15407936419994","-2.71304310845119","-0.225801562433139","-0.601531521825537","-0.313152969802507","0.303953511617338","0.295621909812682","0.225801563137275","0.766724600396297","0.601531522948648","0.414235650128683","0.313152970201881","-0.407497002129786","-0.303953511903816","-4.9877009902917","-12.7234532798077","-7.74416235928128","7.76113127022879","-1.31887341807524","4.98770101913723","5.18365423568532","12.7234533415221","13.1322550228202","7.74416188865603","8.07697898420813","-7.76113174514033","-8.15401241198006","1.31887312484988","1.43521056392419","-5.03583103752308","-12.7772531902954","-7.86016016707741","7.94579535826459","-1.41169969485777","5.03583109207583","5.26222662375389","12.777253325425","13.2244406232605","7.8601590608111","8.26057437655392","-7.94579640301612","-8.44240997360993","1.41169902863694","1.57780981806998","-0.521414007194214","-1.08068723092875","-0.850034447152603","0.971791684620968","-0.258989287247689","0.521414045794673","0.571628443519378","1.08068729538279","1.162044326619","0.850034673851163","0.939583772484988","-0.971791714545082","-1.08958732694074","0.258989408705308","0.302436006613738"
"Cov_10","0","0","0","0","0","0","0","0","0","0","0","0","0","0","0","0","0","0","0","0","0","0","0","0","0","0","0","0","0","0","0","0","0","0","0","0","0","0","0","0","0","0","0","0","0","0","0","0","0","0","0","0","0","0","0","0","0","0","0","0","0","0","0","0","0","0","0","0","0","-1.88952426014291","-7.1746428917625","-2.90629691858686","2.57430253766941","1.88952376857023","1.95086493078766","7.17464186004943","7.2995523468687","2.90630546038033","2.99412563177399","-2.57429623428279","-2.66743620479516","-1.97507720621212","-7.38674991282884","-3.0400251279903","2.71303967528441","1.97507752341441","2.06298740765062","7.3867504942149","7.5453779918847","3.04002066018746","3.17966008545818","-2.71304313446623","-2.86944246357578","-0.225801552711771","-0.601531489915011","-0.313152955763118","0.303953498778506","0.225801563112181","0.251924865985502","0.601531518566037","0.638120018403827","0.313152970201881","0.354775098031987","-0.303953512665921","-0.352362276623305","-5.00888333623587","-7.74416242475581","-8.57151429572704","10.9664411582977","-3.70554626186601","6.13313972852226","5.00888300664702","10.0903883816798","7.74416188865603","10.5001818166425","8.57151870568081","-13.2684340609551","-10.9664375025388","4.41242496399314","3.70554862174319","-5.17818420529449","-7.86016099442828","-8.99544876016086","11.681367547746","-4.08812614492888","6.39338006974928","5.17818295521764","10.3206440299915","7.8601590608111","11.1488510979518","8.99546424182997","-14.3449795514089","-11.6813547740051","4.98299144708645","4.08813428268566","-0.719205828344151","-0.850034459810392","-1.40477283860498","2.02405259389295","-0.854445383091381","0.960955860869065","0.719205958783307","1.26001007210546","0.850034673851163","1.87117158830604","1.40477157290776","-2.65985830339698","-2.02405394218033","1.11022862121008","0.854444708398788"
"Cov_11","0","0","0","0","0","0","0","0","0","0","0","0","0","0","0","0","0","0","0","0","0","0","0","0","0","0","0","0","0","0","0","0","0","0","0","0","0","0","0","0","0","0","0","0","0","0","0","0","0","0","0","0","0","0","0","0","0","0","0","0","0","0","0","0","0","0","0","0","0","1.71643133737421","6.11445970092722","2.57430237431873","-2.31641671537057","-1.94749834147346","-1.71643181876739","-6.81209315055332","-6.11446049507211","-2.92598635337542","-2.57429623428279","2.65673739982487","2.31642115262454","1.80419919164355","6.32830801857307","2.7130376863097","-2.4616385432046","-2.08983639226863","-1.80419881956278","-7.15293016455094","-6.32830735066951","-3.15407936419994","-2.71304313446623","2.89802784473131","2.46163479726972","0.221811783382548","0.541045293704417","0.303953512267422","-0.302042732821719","-0.291458313467357","-0.221811784046131","-0.697552550318627","-0.54104529472796","-0.407497002129786","-0.303953512665921","0.410537084419653","0.302042733128634","-5.00888325850425","-7.74416238214438","-8.57151429782604","10.9664411941401","-3.70554614478292","5.00888302258185","5.24445409806449","7.74416187682372","8.07697898420813","8.57151870568081","9.07090410995969","-10.9664374405118","-11.6997626990956","3.70554867011572","4.03414429833212","-5.17818353443032","-7.86016020458269","-8.99545468266712","11.6813628654655","-4.08812898805751","5.17818309622703","5.47251736208456","7.86015911499179","8.26057437655392","8.99546424182997","9.70128682580438","-11.6813545875225","-12.7890222234283","4.08813450622954","4.6417510342992","-0.719205847609902","-0.85003449087611","-1.40477240534454","2.02405294420295","-0.854445149183286","0.719205964643023","0.797943709385101","0.850034699667484","0.939583772484988","1.40477157290776","1.61815115867857","-2.0240539312273","-2.37770212800939","0.854444685561315","1.04281292322388"
"Cov_12","0","0","0","0","0","0","0","0","0","0","0","0","0","0","0","0","0","0","0","0","0","0","0","0","0","0","0","0","0","0","0","0","0","0","0","0","0","0","0","0","0","0","0","0","0","0","0","0","0","0","0","0","0","0","0","0","0","0","0","0","0","0","0","0","0","0","0","0","0","1.7164314115086","6.11445970343313","2.57430245926288","-2.31641652245729","-1.71643176973902","-1.78006945784697","-6.11446045448021","-6.23177566879527","-2.57429631496223","-2.66743620479516","2.31642115262454","2.41796555124738","1.80419906713658","6.32830781055964","2.71303965139244","-2.46163713729523","-1.80419884083186","-1.89811151592088","-6.3283073941338","-6.48366854591381","-2.71304310845119","-2.86944246357578","2.46163479726972","2.6415954718643","0.221811773972815","0.54104526263114","0.303953498652274","-0.302042720390418","-0.221811783522549","-0.250229326209306","-0.541045288966709","-0.578313892253985","-0.303953511903816","-0.352362276623305","0.302042733128634","0.359599950644174","6.02194822778234","7.7611312842483","10.9664411535541","-15.0794496381216","5.84895785326877","-7.27854695641871","-6.02194851112374","-10.1884074457358","-7.76113174514033","-13.2684340609551","-10.9664374405118","18.0525868531995","15.0794528245271","-6.94974843219759","-5.84895587410419","6.29677970702165","7.94579474766087","11.6813676696037","-16.3181839535116","6.54160067178764","-7.68909390266678","-6.29678077729107","-10.5499641655591","-7.94579640301612","-14.3449795514089","-11.6813545875225","19.9080013079537","16.3181949792352","-7.99625385066656","-6.54159380138516","0.950429077837707","0.971791793057339","2.02405256970905","-3.1004692698116","1.44958661187884","-1.24768135063937","-0.95042905161591","-1.44065834238544","-0.971791714545082","-2.65985830339698","-2.0240539312273","4.04637173470698","3.10046848398348","-1.89720086203602","-1.44958738936984"
"Cov_13","0","0","0","0","0","0","0","0","0","0","0","0","0","0","0","0","0","0","0","0","0","0","0","0","0","0","0","0","0","0","0","0","0","0","0","0","0","0","0","0","0","0","0","0","0","0","0","0","0","0","0","0","0","0","0","0","0","0","0","0","0","0","0","0","0","0","0","0","0","0","0","0","0","0","0","0","0","0","0","0","0","0","0","0","0","0","0","0","0","0","0","0","0","0","0","0","0","0","0","0","0","0","0","0","0","6.02194827801538","7.76113129654728","10.9664411314412","-15.0794495655089","5.84895794470169","-6.02194847973303","-6.32985009768157","-7.76113172768959","-8.15401241198006","-10.9664375025388","-11.6997626990956","15.0794528245271","16.2431788048719","-5.84895584776079","-6.44027502126522","6.29678028317052","7.9457954263396","11.6813626833653","-16.3181879262372","6.54159828074024","-6.29678065378842","-6.69620933857791","-7.9457963459404","-8.44240997360993","-11.6813547740051","-12.7890222234283","16.3181949792352","18.2161664692936","-6.54159369281394","-7.62162459764634","0.950429051685185","0.97179173952526","2.02405293926758","-3.1004689635084","1.4495868211454","-0.950429072038932","-1.06099319113499","-0.971791766507371","-1.08958732694074","-2.02405394218033","-2.37770212800939","3.10046848398348","3.73718137842464","-1.44958737245694","-1.83097688525148"
"Cov_14","0","0","0","0","0","0","0","0","0","0","0","0","0","0","0","0","0","0","0","0","0","0","0","0","0","0","0","0","0","0","0","0","0","0","0","0","0","0","0","0","0","0","0","0","0","0","0","0","0","0","0","0","0","0","0","0","0","0","0","0","0","0","0","0","0","0","0","0","0","0","0","0","0","0","0","0","0","0","0","0","0","0","0","0","0","0","0","0","0","0","0","0","0","0","0","0","0","0","0","0","0","0","0","0","0","-1.707707948384","-1.31887342556901","-3.70554620164831","5.84895789834816","-2.8166202923217","2.0210156586394","1.70770776353475","1.79985272148249","1.31887312484988","4.41242496399314","3.70554867011572","-6.94974843219759","-5.84895584776079","3.37838466905286","2.81662161953994","-1.84525403624216","-1.41170010142491","-4.08812592612866","6.54160077818468","-3.2309303733395","2.22038268213272","1.84525334275298","1.97737411818012","1.41169902863694","4.98299144708645","4.08813450622954","-7.99625385066656","-6.54159369281394","4.02590668889451","3.23093489616594","-0.332290128297836","-0.258989288225302","-0.854445386802576","1.44958662684607","-0.787518299613562","0.426345688481859","0.332290201583287","0.386245635069328","0.258989408705308","1.11022862121008","0.854444685561315","-1.89720086203602","-1.44958737245694","1.05494310689377","0.787517924877223"
"Cov_15","0","0","0","0","0","0","0","0","0","0","0","0","0","0","0","0","0","0","0","0","0","0","0","0","0","0","0","0","0","0","0","0","0","0","0","0","0","0","0","0","0","0","0","0","0","0","0","0","0","0","0","0","0","0","0","0","0","0","0","0","0","0","0","0","0","0","0","0","0","0","0","0","0","0","0","0","0","0","0","0","0","0","0","0","0","0","0","0","0","0","0","0","0","0","0","0","0","0","0","0","0","0","0","0","0","-1.70770791233452","-1.31887341389129","-3.7055462035003","5.84895793971203","-2.81662022562396","1.70770778244493","1.8165031472314","1.31887313566644","1.43521056392419","3.70554862174319","4.03414429833212","-5.84895587410419","-6.44027502126522","2.81662161953994","3.1730544854194","-1.84525367484869","-1.41169967455195","-4.08812913721868","6.54159826154619","-3.23093191598973","1.84525343859184","1.99864996067681","1.41169908713623","1.57780981806998","4.08813428268566","4.6417510342992","-6.54159380138516","-7.62162459764634","3.23093489616594","3.95138395817604","-0.332290151896815","-0.25898932859977","-0.85444516024184","1.44958685537976","-0.787518175012746","0.332290214443829","0.376818718205431","0.258989440915186","0.302436006613738","0.854444708398788","1.04281292322388","-1.44958738936984","-1.83097688525148","0.787517924877223","1.05033444539548"
